{
  "employees": [
    {
      "id": 1,
      "first_name": "Sebastian",
      "last_name": "Eschweiler",
      "email": "sebastian@codingthesmartway.com"
    },
    {
      "id": 2,
      "first_name": "Steve",
      "last_name": "Palmer",
      "email": "steve@codingthesmartway.com"
    },
    {
      "id": 3,
      "first_name": "Ann",
      "last_name": "Smith",
      "email": "ann@codingthesmartway.com"
    },
    {
      "first_name": "Abishek",
      "last_name": "Prabhu",
      "email": "abi@gmail.com",
      "id": 5
    },
    {
      "first_name": "pratheesh",
      "last_name": "kumar",
      "email": "a@c.c",
      "id": 6
    },
    {
      "first_name": "Pravanth",
      "last_name": "Kumar",
      "email": "pravan@gmail.com",
      "id": 7
    }
  ]
}