<?xml version="1.0" encoding="UTF-8"?>
<!DOCTYPE suite SYSTEM "https://testng.org/testng-1.0.dtd">
<suite name="mAadhar-Application-Test-Suite">
	<parameter name="fileLoc"
		value="B:\Capstone\TestNG\\"></parameter>
	<parameter name="websiteURL" value="http://localhost:4200/"></parameter>
	<parameter name="driverPath"
		value="B:\Phase 5 - Selenium\95\chromedriver.exe"></parameter>
	<test parallel="false" name="mAadhar-Application-Test">
		<classes>
			 <class name="TestApplication.mAadhar_Application"/>

		</classes>
	</test> <!-- mAadhar-Application-Test -->
</suite> <!-- mAadhar-Application-Test-Suite -->